Author,Year,CancerType,CellLine,ControlGroup,CoumarinType,DoseUnit,Time,TimeUnit,IC50,DoseCoumarin,Viability,SD_Viability,N_V,DoseControl,ViabilityControl,SD_control,N_C,Groups,Study
Arora et al.,2016,Pancreatic,AsPc-1,AsPc-1,Esculetin,μM,24,hours,NA,500,69.8,6.13,3,0,100,1,3,6,Arora et al.2016
Arora et al.,2016,Pancreatic,PANC-1,PANC-1,Esculetin,μM,24,hours,NA,500,56.07,11.27,3,0,100,1,3,6,Arora et al.2016
Arora et al.,2016,Pancreatic,MIA PaCa-2,MIA PaCa-2,Esculetin,μM,24,hours,NA,500,43.81,9.55,3,0,100,1,3,6,Arora et al.2016
Arora et al.,2016,Pancreatic,AsPc-1,AsPc-1,Esculetin,μM,48,hours,NA,500,42.1,10.65,3,0,100,1,3,6,Arora et al.2016
Arora et al.,2016,Pancreatic,PANC-1,PANC-1,Esculetin,μM,48,hours,NA,500,41.33,9.83,3,0,100,1,3,6,Arora et al.2016
Arora et al.,2016,Pancreatic,AsPc-1,AsPc-1,Esculetin,μM,72,hours,NA,500,34.9,5.33,3,0,100,1,3,6,Arora et al.2016
Arora et al.,2016,Pancreatic,PANC-1,PANC-1,Esculetin,μM,72,hours,NA,500,20.23,10.69,3,0,100,1,3,6,Arora et al.2016
Arora et al.,2016,Pancreatic,MIA PaCa-2,MIA PaCa-2,Esculetin,μM,72,hours,NA,500,18.05,7.44,3,0,100,1,3,6,Arora et al.2016
Arora et al.,2016,Pancreatic,MIA PaCa-2,MIA PaCa-2,Esculetin,μM,48,hours,NA,500,17.52,6.9,3,0,100,1,3,6,Arora et al.2016
Arora et al.,2016,Pancreatic,AsPc-1,AsPc-1,Esculetin,μM,24,hours,NA,300,72.2,5.6,3,0,100,1,3,6,Arora et al.2016
Arora et al.,2016,Pancreatic,PANC-1,PANC-1,Esculetin,μM,24,hours,NA,300,59.83,7.8,3,0,100,1,3,6,Arora et al.2016
Arora et al.,2016,Pancreatic,MIA PaCa-2,MIA PaCa-2,Esculetin,μM,24,hours,NA,300,48.58,6.91,3,0,100,1,3,6,Arora et al.2016
Arora et al.,2016,Pancreatic,AsPc-1,AsPc-1,Esculetin,μM,48,hours,NA,300,43.69,8.26,3,0,100,1,3,6,Arora et al.2016
Arora et al.,2016,Pancreatic,PANC-1,PANC-1,Esculetin,μM,48,hours,NA,300,42.49,10.11,3,0,100,1,3,6,Arora et al.2016
Arora et al.,2016,Pancreatic,AsPc-1,AsPc-1,Esculetin,μM,72,hours,NA,300,38.63,4.27,3,0,100,1,3,6,Arora et al.2016
Arora et al.,2016,Pancreatic,MIA PaCa-2,MIA PaCa-2,Esculetin,μM,72,hours,NA,300,26.02,3.98,3,0,100,1,3,6,Arora et al.2016
Arora et al.,2016,Pancreatic,PANC-1,PANC-1,Esculetin,μM,72,hours,NA,300,25.43,6.07,3,0,100,1,3,6,Arora et al.2016
Arora et al.,2016,Pancreatic,MIA PaCa-2,MIA PaCa-2,Esculetin,μM,48,hours,NA,300,22.04,7.43,3,0,100,1,3,6,Arora et al.2016
Arora et al.,2016,Pancreatic,AsPc-1,AsPc-1,Esculetin,μM,24,hours,NA,200,77.8,2.66,3,0,100,1,3,5,Arora et al.2016
Arora et al.,2016,Pancreatic,PANC-1,PANC-1,Esculetin,μM,24,hours,NA,200,68.21,4.04,3,0,100,1,3,5,Arora et al.2016
Arora et al.,2016,Pancreatic,MIA PaCa-2,MIA PaCa-2,Esculetin,μM,24,hours,NA,200,57.88,10.08,3,0,100,1,3,5,Arora et al.2016
Arora et al.,2016,Pancreatic,AsPc-1,AsPc-1,Esculetin,μM,48,hours,NA,200,45.83,5.59,3,0,100,1,3,5,Arora et al.2016
Arora et al.,2016,Pancreatic,PANC-1,PANC-1,Esculetin,μM,48,hours,NA,200,45.09,12.42,3,0,100,1,3,5,Arora et al.2016
Arora et al.,2016,Pancreatic,AsPc-1,AsPc-1,Esculetin,μM,72,hours,NA,200,42.1,4.79,3,0,100,1,3,5,Arora et al.2016
Arora et al.,2016,Pancreatic,MIA PaCa-2,MIA PaCa-2,Esculetin,μM,48,hours,NA,200,41.15,3.72,3,0,100,1,3,5,Arora et al.2016
Arora et al.,2016,Pancreatic,MIA PaCa-2,MIA PaCa-2,Esculetin,μM,72,hours,NA,200,32.92,4.78,3,0,100,1,3,5,Arora et al.2016
Arora et al.,2016,Pancreatic,PANC-1,PANC-1,Esculetin,μM,72,hours,NA,200,28.03,5.79,3,0,100,1,3,5,Arora et al.2016
Arora et al.,2016,Pancreatic,AsPc-1,AsPc-1,Esculetin,μM,24,hours,NA,100,80.2,4.26,3,0,100,1,3,4,Arora et al.2016
Arora et al.,2016,Pancreatic,MIA PaCa-2,MIA PaCa-2,Esculetin,μM,48,hours,NA,100,74.87,8.49,3,0,100,1,3,4,Arora et al.2016
Arora et al.,2016,Pancreatic,MIA PaCa-2,MIA PaCa-2,Esculetin,μM,24,hours,NA,100,74.34,8.23,3,0,100,1,3,4,Arora et al.2016
Arora et al.,2016,Pancreatic,PANC-1,PANC-1,Esculetin,μM,24,hours,NA,100,68.5,9.82,3,0,100,1,3,4,Arora et al.2016
Arora et al.,2016,Pancreatic,PANC-1,PANC-1,Esculetin,μM,48,hours,NA,100,55.49,10.98,3,0,100,1,3,4,Arora et al.2016
Arora et al.,2016,Pancreatic,MIA PaCa-2,MIA PaCa-2,Esculetin,μM,72,hours,NA,100,49.91,2.39,3,0,100,1,3,4,Arora et al.2016
Arora et al.,2016,Pancreatic,AsPc-1,AsPc-1,Esculetin,μM,48,hours,NA,100,46.36,5.59,3,0,100,1,3,4,Arora et al.2016
Arora et al.,2016,Pancreatic,PANC-1,PANC-1,Esculetin,μM,72,hours,NA,100,42.2,9.25,3,0,100,1,3,4,Arora et al.2016
Arora et al.,2016,Pancreatic,AsPc-1,AsPc-1,Esculetin,μM,72,hours,NA,100,41.56,6.93,3,0,100,1,3,4,Arora et al.2016
Chang et al.,2015,Breast,MDA-MB-231,MDA-MB-231,Esculetin,μM,24,hours,NA,20,91.91,3.15,6,0,99.8,4.2,6,1,Chang et al.2015
Chang et al.,2015,Breast,MCF-7,MCF-7,Esculetin,μM,24,hours,NA,20,85.09,4.12,6,0,99.83,3.61,6,1,Chang et al.2015
Chang et al.,2015,Breast,ZR-75-1,ZR-75-1,Esculetin,μM,24,hours,NA,20,84.63,3.05,6,0,99.81,4.05,6,1,Chang et al.2015
Cho et al.,2015,Oral,HSC4,HSC4,Esculetin,μM,24,hours,NA,112,54.39,9.06,3,0,100,1,3,4,Cho et al.2015
Cho et al.,2015,Oral,HN22,HN22,Esculetin,μM,24,hours,NA,112,50.07,8.2,3,0,100,1,3,4,Cho et al.2015
Cho et al.,2015,Oral,HSC4,HSC4,Esculetin,μM,48,hours,NA,112,31.08,9.93,3,0,100,1,3,4,Cho et al.2015
Cho et al.,2015,Oral,HN22,HN22,Esculetin,μM,48,hours,NA,112,25.04,9.06,3,0,100,1,3,4,Cho et al.2015
Cho et al.,2015,Oral,HSC4,HSC4,Esculetin,μM,24,hours,NA,84,59.57,9.49,3,0,100,1,3,3,Cho et al.2015
Cho et al.,2015,Oral,HN22,HN22,Esculetin,μM,24,hours,NA,84,53.09,9.5,3,0,100,1,3,3,Cho et al.2015
Cho et al.,2015,Oral,HSC4,HSC4,Esculetin,μM,48,hours,NA,84,40.58,7.77,3,0,100,1,3,3,Cho et al.2015
Cho et al.,2015,Oral,HN22,HN22,Esculetin,μM,48,hours,NA,84,40.14,9.93,3,0,100,1,3,3,Cho et al.2015
Cho et al.,2015,Oral,HSC4,HSC4,Esculetin,μM,24,hours,NA,56,66.91,6.9,3,0,100,1,3,3,Cho et al.2015
Cho et al.,2015,Oral,HN22,HN22,Esculetin,μM,48,hours,NA,56,53.09,9.5,3,0,100,1,3,3,Cho et al.2015
Cho et al.,2015,Oral,HN22,HN22,Esculetin,μM,24,hours,NA,56,50.5,7.77,3,0,100,1,3,3,Cho et al.2015
Cho et al.,2015,Oral,HSC4,HSC4,Esculetin,μM,48,hours,NA,56,48.35,8.63,3,0,100,1,3,3,Cho et al.2015
Cho et al.,2015,Oral,HN22,HN22,Esculetin,μM,24,hours,NA,28,84.17,9.07,3,0,100,1,3,2,Cho et al.2015
Cho et al.,2015,Oral,HSC4,HSC4,Esculetin,μM,24,hours,NA,28,79.86,9.06,3,0,100,1,3,2,Cho et al.2015
Cho et al.,2015,Oral,HN22,HN22,Esculetin,μM,48,hours,NA,28,65.18,9.06,3,0,100,1,3,2,Cho et al.2015
Cho et al.,2015,Oral,HSC4,HSC4,Esculetin,μM,48,hours,NA,28,59.57,8.2,3,0,100,1,3,2,Cho et al.2015
Cho et al.,2015,Oral,HSC4,HSC4,Esculetin,μM,24,hours,NA,14,94.53,0,3,0,100,1,3,1,Cho et al.2015
Cho et al.,2015,Oral,HN22,HN22,Esculetin,μM,24,hours,NA,14,93.67,0,3,0,100,1,3,1,Cho et al.2015
Cho et al.,2015,Oral,HN22,HN22,Esculetin,μM,48,hours,NA,14,78.13,8.63,3,0,100,1,3,1,Cho et al.2015
Cho et al.,2015,Oral,HSC4,HSC4,Esculetin,μM,48,hours,NA,14,74.68,9.92,3,0,100,1,3,1,Cho et al.2015
Choi et al.,2019,Colorectal,LoVo,LoVo,Esculetin,μM,24,hours,NA,600,56.13,4.24,3,0,100,1,3,7,Choi et al.2019
Choi et al.,2019,Colorectal,LoVo,LoVo,Esculetin,μM,48,hours,NA,600,32.94,3.32,3,0,100,1,3,7,Choi et al.2019
Choi et al.,2019,Colorectal,LoVo,LoVo,Esculetin,μM,72,hours,NA,600,11.41,2.39,3,0,100,1,3,7,Choi et al.2019
Choi et al.,2019,Colorectal,LoVo,LoVo,Esculetin,μM,24,hours,NA,400,63.13,4.23,3,0,100,1,3,6,Choi et al.2019
Choi et al.,2019,Colorectal,LoVo,LoVo,Esculetin,μM,48,hours,NA,400,49.69,1.29,3,0,100,1,3,6,Choi et al.2019
Choi et al.,2019,Colorectal,LoVo,LoVo,Esculetin,μM,72,hours,NA,400,13.44,4.04,3,0,100,1,3,6,Choi et al.2019
Choi et al.,2019,Colorectal,LoVo,LoVo,Esculetin,μM,24,hours,NA,200,72.15,3.68,3,0,100,1,3,5,Choi et al.2019
Choi et al.,2019,Colorectal,LoVo,LoVo,Esculetin,μM,48,hours,NA,200,56.87,3.13,3,0,100,1,3,5,Choi et al.2019
Choi et al.,2019,Colorectal,LoVo,LoVo,Esculetin,μM,72,hours,NA,200,16.93,7.92,3,0,100,1,3,5,Choi et al.2019
Duan et al.,2020,Renal,SN12-PM6,SN12-PM6,Esculetin,μM,24,hours,NA,1123,55.56,3.86,3,0,100,1,3,7,Duan et al.2020
Duan et al.,2020,Renal,SN12-PM6,SN12-PM6,Esculetin,μM,48,hours,NA,1123,45.14,0.78,3,0,100,1,3,7,Duan et al.2020
Duan et al.,2020,Renal,786-O,786-O,Esculetin,μM,24,hours,NA,1123,42.06,1.93,3,0,100,1,3,7,Duan et al.2020
Duan et al.,2020,Renal,786-O,786-O,Esculetin,μM,48,hours,NA,1123,26.24,1.54,3,0,100,1,3,7,Duan et al.2020
Duan et al.,2020,Renal,SN12-PM6,SN12-PM6,Esculetin,μM,24,hours,NA,561,74.08,2.7,3,0,100,1,3,7,Duan et al.2020
Duan et al.,2020,Renal,786-O,786-O,Esculetin,μM,24,hours,NA,561,57.88,1.93,3,0,100,1,3,7,Duan et al.2020
Duan et al.,2020,Renal,SN12-PM6,SN12-PM6,Esculetin,μM,48,hours,NA,561,57.49,3.47,3,0,100,1,3,7,Duan et al.2020
Duan et al.,2020,Renal,786-O,786-O,Esculetin,μM,48,hours,NA,561,30.87,0.77,3,0,100,1,3,7,Duan et al.2020
Duan et al.,2020,Renal,SN12-PM6,SN12-PM6,Esculetin,μM,24,hours,NA,281,84.12,3.85,3,0,100,1,3,6,Duan et al.2020
Duan et al.,2020,Renal,SN12-PM6,SN12-PM6,Esculetin,μM,48,hours,NA,281,66.75,3.86,3,0,100,1,3,6,Duan et al.2020
Duan et al.,2020,Renal,786-O,786-O,Esculetin,μM,24,hours,NA,281,63.28,2.31,3,0,100,1,3,6,Duan et al.2020
Duan et al.,2020,Renal,786-O,786-O,Esculetin,μM,48,hours,NA,281,51.7,2.32,3,0,100,1,3,6,Duan et al.2020
Duan et al.,2020,Renal,786-O,786-O,Esculetin,μM,24,hours,NA,140,98.78,5.79,3,0,100,1,3,4,Duan et al.2020
Duan et al.,2020,Renal,SN12-PM6,SN12-PM6,Esculetin,μM,24,hours,NA,140,94.92,2.7,3,0,100,1,3,4,Duan et al.2020
Duan et al.,2020,Renal,SN12-PM6,SN12-PM6,Esculetin,μM,48,hours,NA,140,79.49,1.92,3,0,100,1,3,4,Duan et al.2020
Duan et al.,2020,Renal,786-O,786-O,Esculetin,μM,48,hours,NA,140,70.61,2.7,3,0,100,1,3,4,Duan et al.2020
Duan et al.,2020,Renal,786-O,786-O,Esculetin,μM,24,hours,NA,70,100,5.79,3,0,100,1,3,3,Duan et al.2020
Duan et al.,2020,Renal,SN12-PM6,SN12-PM6,Esculetin,μM,24,hours,NA,70,93.38,3.47,3,0,100,1,3,3,Duan et al.2020
Duan et al.,2020,Renal,SN12-PM6,SN12-PM6,Esculetin,μM,48,hours,NA,70,88.36,1.93,3,0,100,1,3,3,Duan et al.2020
Duan et al.,2020,Renal,786-O,786-O,Esculetin,μM,48,hours,NA,70,80.26,1.54,3,0,100,1,3,3,Duan et al.2020
Fan et al.,2017,Cervical,SMMC-7721,SMMC-7721,Esculetin,μM,24,hours,NA,500,63.01,3.01,3,0,100,1,3,6,Fan et al.2017
Fan et al.,2017,Cervical,SMMC-7721,SMMC-7721,Esculetin,μM,48,hours,NA,500,44.69,3.26,3,0,100,1,3,6,Fan et al.2017
Fan et al.,2017,Cervical,SMMC-7721,SMMC-7721,Esculetin,μM,72,hours,NA,500,18.91,7.67,3,0,100,1,3,6,Fan et al.2017
Fan et al.,2017,Cervical,SMMC-7721,SMMC-7721,Esculetin,μM,24,hours,NA,400,68.39,2.58,3,0,100,1,3,6,Fan et al.2017
Fan et al.,2017,Cervical,SMMC-7721,SMMC-7721,Esculetin,μM,48,hours,NA,400,44.9,3.47,3,0,100,1,3,6,Fan et al.2017
Fan et al.,2017,Cervical,SMMC-7721,SMMC-7721,Esculetin,μM,72,hours,NA,400,18.16,7.49,3,0,100,1,3,6,Fan et al.2017
Fan et al.,2017,Cervical,SMMC-7721,SMMC-7721,Esculetin,μM,24,hours,NA,300,74.84,2.37,3,0,100,1,3,6,Fan et al.2017
Fan et al.,2017,Cervical,SMMC-7721,SMMC-7721,Esculetin,μM,48,hours,NA,300,51.43,3.27,3,0,100,1,3,6,Fan et al.2017
Fan et al.,2017,Cervical,SMMC-7721,SMMC-7721,Esculetin,μM,72,hours,NA,300,25.09,6.55,3,0,100,1,3,6,Fan et al.2017
Fan et al.,2017,Cervical,SMMC-7721,SMMC-7721,Esculetin,μM,24,hours,NA,200,73.76,2.36,3,0,100,1,3,5,Fan et al.2017
Fan et al.,2017,Cervical,SMMC-7721,SMMC-7721,Esculetin,μM,48,hours,NA,200,64.49,2.65,3,0,100,1,3,5,Fan et al.2017
Fan et al.,2017,Cervical,SMMC-7721,SMMC-7721,Esculetin,μM,72,hours,NA,200,38.76,5.24,3,0,100,1,3,5,Fan et al.2017
Fan et al.,2017,Cervical,SMMC-7721,SMMC-7721,Esculetin,μM,24,hours,NA,100,78.92,2.15,3,0,100,1,3,4,Fan et al.2017
Fan et al.,2017,Cervical,SMMC-7721,SMMC-7721,Esculetin,μM,48,hours,NA,100,64.69,3.26,3,0,100,1,3,4,Fan et al.2017
Fan et al.,2017,Cervical,SMMC-7721,SMMC-7721,Esculetin,μM,72,hours,NA,100,59.36,3.93,3,0,100,1,3,4,Fan et al.2017
Fan et al.,2017,Cervical,SMMC-7721,SMMC-7721,Esculetin,μM,24,hours,NA,50,84.52,1.51,3,0,100,1,3,2,Fan et al.2017
Fan et al.,2017,Cervical,SMMC-7721,SMMC-7721,Esculetin,μM,48,hours,NA,50,76.94,2.45,3,0,100,1,3,2,Fan et al.2017
Fan et al.,2017,Cervical,SMMC-7721,SMMC-7721,Esculetin,μM,72,hours,NA,50,72.66,2.62,3,0,100,1,3,2,Fan et al.2017
Jan et al.,2021,Prostate,PC-3,PC-3,Esculetin,μM,24,hours,NA,20,91.14,1.13,3,0,100,0.01,3,1,Jan et al.2021
Jeon et al.,2015,Skin,G361,G361,Esculetin,μM,24,hours,NA,449,43.18,3.69,3,0,99.39,5.2,3,6,Jeon et al.2015
Jeon et al.,2015,Skin,G361,G361,Esculetin,μM,48,hours,NA,449,34.72,1.52,3,0,99.39,3.47,3,6,Jeon et al.2015
Jeon et al.,2015,Skin,G361,G361,Esculetin,μM,48,hours,240.6,241,50,1,3,0,100,0,3,6,Jeon et al.2015
Jeon et al.,2015,Skin,G361,G361,Esculetin,μM,24,hours,NA,225,61.84,2.83,3,0,99.39,5.2,3,5,Jeon et al.2015
Jeon et al.,2015,Skin,G361,G361,Esculetin,μM,48,hours,NA,225,57.07,2.6,3,0,99.39,3.47,3,5,Jeon et al.2015
Jeon et al.,2015,Skin,G361,G361,Esculetin,μM,24,hours,NA,112,74,1.73,3,0,99.39,5.2,3,4,Jeon et al.2015
Jeon et al.,2015,Skin,G361,G361,Esculetin,μM,48,hours,NA,112,64.67,3.03,3,0,99.39,3.47,3,4,Jeon et al.2015
Jeon et al.,2015,Skin,G361,G361,Esculetin,μM,48,hours,NA,56,93.96,3.04,3,0,99.39,3.47,3,3,Jeon et al.2015
Jeon et al.,2015,Skin,G361 ,G361 ,Esculetin,μM,24,hours,NA,56,92.88,1.95,3,0,99.39,5.2,3,3,Jeon et al.2015
Jeon et al.,2016,Oral,HSC2,HSC2,Esculetin,μM,24,hours,NA,56,70.31,7.03,3,0,100.31,4.22,3,3,Jeon et al.2016
Jeon et al.,2016,Oral,HN22,HN22,Esculetin,μM,24,hours,NA,56,57.66,1.4,3,0,99.84,1.41,3,3,Jeon et al.2016
Jeon et al.,2016,Oral,HN22,HN22,Esculetin,μM,48,hours,NA,56,50.16,0.47,3,0,100.31,0.94,3,3,Jeon et al.2016
Jeon et al.,2016,Oral,HSC2,HSC2,Esculetin,μM,48,hours,NA,56,49.22,0.94,3,0,100.78,2.81,3,3,Jeon et al.2016
Jeon et al.,2016,Oral,HN22,HN22,Esculetin,μM,24,hours,NA,28,88.59,1.41,3,0,99.84,1.41,3,2,Jeon et al.2016
Jeon et al.,2016,Oral,HSC2,HSC2,Esculetin,μM,24,hours,NA,28,81.56,7.5,3,0,100.31,4.22,3,2,Jeon et al.2016
Jeon et al.,2016,Oral,HN22,HN22,Esculetin,μM,48,hours,NA,28,73.13,0.46,3,0,100.31,0.94,3,2,Jeon et al.2016
Jeon et al.,2016,Oral,HSC2,HSC2,Esculetin,μM,48,hours,NA,28,59.06,1.41,3,0,100.78,2.81,3,2,Jeon et al.2016
Khunluck et al.,2018,Bile Duct,KKU-100,KKU-100,Esculetin,μM,24,hours,104.3,104,50,1,3,0,100,0.01,3,4,Khunluck et al.2018
Khunluck et al.,2018,Bile Duct,KKU-100,KKU-100,Esculetin,μM,24,hours,NA,100,52.42,12.37,3,0,100,0.01,3,4,Khunluck et al.2018
Khunluck et al.,2018,Bile Duct,KKU-100,KKU-100,Esculetin,μM,48,hours,NA,100,24.53,2.93,3,0,100,0.01,3,4,Khunluck et al.2018
Khunluck et al.,2018,Bile Duct,KKU-100,KKU-100,Esculetin,μM,24,hours,NA,30,81.98,21.39,3,0,100,0.01,3,2,Khunluck et al.2018
Khunluck et al.,2018,Bile Duct,KKU-100,KKU-100,Esculetin,μM,48,hours,NA,30,71.07,3.77,3,0,100,0.01,3,2,Khunluck et al.2018
Khunluck et al.,2018,Bile Duct,KKU-100,KKU-100,Esculetin,μM,48,hours,NA,10,92.25,6.29,3,0,100,0.01,3,1,Khunluck et al.2018
Khunluck et al.,2018,Bile Duct,KKU-100,KKU-100,Esculetin,μM,24,hours,NA,10,82.39,12.57,3,0,100,0.01,3,1,Khunluck et al.2018
Khunluck et al.,2018,Bile Duct,KKU-100,KKU-100,Esculetin,μM,48,hours,NA,1,100,4.4,3,0,100,0.01,3,1,Khunluck et al.2018
Khunluck et al.,2018,Bile Duct,KKU-100,KKU-100,Esculetin,μM,24,hours,NA,1,93.31,13.62,3,0,100,0.01,3,1,Khunluck et al.2018
Khunluck et al.,2018,Bile Duct,KKU-100,KKU-100,Esculetin,μM,48,hours,NA,0.1,98.96,2.1,3,0,100,0.01,3,1,Khunluck et al.2018
Khunluck et al.,2018,Bile Duct,KKU-100,KKU-100,Esculetin,μM,24,hours,NA,0.1,85.12,6.92,3,0,100,0.01,3,1,Khunluck et al.2018
Khunluck et al.,2018,Bile Duct,KKU-100,KKU-100,Esculetin,μM,48,hours,NA,0.01,98.54,2.31,3,0,100,0.01,3,1,Khunluck et al.2018
Khunluck et al.,2018,Bile Duct,KKU-100,KKU-100,Esculetin,μM,24,hours,NA,0.01,92.63,8.35,3,0,100,0.01,3,1,Khunluck et al.2018
Kim et al,2015,Colorectal,HT-29,HT-29,Esculetin,μM,48,hours,NA,449,32.82,1.18,3,0,100.03,2.18,3,6,Kim et al2015
Kim et al,2015,Colorectal,HT-29,HT-29,Esculetin,μM,48,hours,NA,337,45.07,1.78,3,0,100.03,2.18,3,6,Kim et al2015
Kim et al,2015,Colorectal,HT-29,HT-29,Esculetin,μM,48,hours,308.75,309,50,1,3,0,100.03,2.18,3,6,Kim et al2015
Kim et al,2015,Colorectal,HT-29,HT-29,Esculetin,μM,48,hours,NA,225,61.09,3.95,3,0,100.03,2.18,3,5,Kim et al2015
Kim et al,2018,Colorectal,SW480,SW480,Esculetin,μM,24,hours,NA,80,63.57,5,3,0,100,1,3,3,Kim et al2018
Kim et al,2018,Colorectal,SW480,SW480,Esculetin,μM,48,hours,NA,80,46.43,5.71,3,0,100,1,3,3,Kim et al2018
Kim et al,2018,Colorectal,HCT116,HCT116,Esculetin,μM,24,hours,NA,80,45.56,3.24,3,0,100,1,3,3,Kim et al2018
Kim et al,2018,Colorectal,SW480,SW480,Esculetin,μM,72,hours,NA,80,33.1,0.95,3,0,100,1,3,3,Kim et al2018
Kim et al,2018,Colorectal,HCT116,HCT116,Esculetin,μM,48,hours,NA,80,16.43,2.24,3,0,100,1,3,3,Kim et al2018
Kim et al,2018,Colorectal,HCT116,HCT116,Esculetin,μM,72,hours,NA,80,13.69,1.5,3,0,100,1,3,3,Kim et al2018
Kim et al,2018,Colorectal,SW480,SW480,Esculetin,μM,24,hours,NA,60,75.48,2.62,3,0,100,1,3,3,Kim et al2018
Kim et al,2018,Colorectal,SW480,SW480,Esculetin,μM,48,hours,NA,60,67.38,5.24,3,0,100,1,3,3,Kim et al2018
Kim et al,2018,Colorectal,HCT116,HCT116,Esculetin,μM,24,hours,NA,60,64.73,5.48,3,0,100,1,3,3,Kim et al2018
Kim et al,2018,Colorectal,SW480,SW480,Esculetin,μM,72,hours,NA,60,52.38,3.33,3,0,100,1,3,3,Kim et al2018
Kim et al,2018,Colorectal,HCT116,HCT116,Esculetin,μM,48,hours,NA,60,42.07,5.98,3,0,100,1,3,3,Kim et al2018
Kim et al,2018,Colorectal,HCT116,HCT116,Esculetin,μM,72,hours,NA,60,27.88,0.75,3,0,100,1,3,3,Kim et al2018
Kim et al,2018,Colorectal,SW480,SW480,Esculetin,μM,24,hours,NA,40,94.76,3.81,3,0,100,1,3,2,Kim et al2018
Kim et al,2018,Colorectal,HCT116,HCT116,Esculetin,μM,24,hours,NA,40,90.62,1.25,3,0,100,1,3,2,Kim et al2018
Kim et al,2018,Colorectal,SW480,SW480,Esculetin,μM,48,hours,NA,40,85.24,2.14,3,0,100,1,3,2,Kim et al2018
Kim et al,2018,Colorectal,SW480,SW480,Esculetin,μM,72,hours,NA,40,84.76,5.24,3,0,100,1,3,2,Kim et al2018
Kim et al,2018,Colorectal,HCT116,HCT116,Esculetin,μM,48,hours,NA,40,67.47,3.48,3,0,100,1,3,2,Kim et al2018
Kim et al,2018,Colorectal,HCT116,HCT116,Esculetin,μM,72,hours,NA,40,66.22,4.49,3,0,100,1,3,2,Kim et al2018
Kim et al,2018,Colorectal,SW480,SW480,Esculetin,μM,24,hours,NA,20,100,1.9,3,0,100,1,3,1,Kim et al2018
Kim et al,2018,Colorectal,HCT116,HCT116,Esculetin,μM,24,hours,NA,20,98.84,2.24,3,0,100,1,3,1,Kim et al2018
Kim et al,2018,Colorectal,HCT116,HCT116,Esculetin,μM,48,hours,NA,20,97.1,3.73,3,0,100,1,3,1,Kim et al2018
Kim et al,2018,Colorectal,SW480,SW480,Esculetin,μM,48,hours,NA,20,95.24,4.76,3,0,100,1,3,1,Kim et al2018
Kim et al,2018,Colorectal,SW480,SW480,Esculetin,μM,72,hours,NA,20,90.48,2.62,3,0,100,1,3,1,Kim et al2018
Kim et al,2018,Colorectal,HCT116,HCT116,Esculetin,μM,72,hours,NA,20,84.65,5.97,3,0,100,1,3,1,Kim et al2018
Lee et al.,2017,Lung,NCI-H1299,NCI-H1299,Esculetin,μM,24,hours,NA,842,42.86,3.26,3,0,100.82,0.81,3,7,Lee et al.2017
Lee et al.,2017,Lung,NCI-H358,NCI-H358,Esculetin,μM,24,hours,NA,842,41.63,4.08,3,0,100,1.22,3,7,Lee et al.2017
Lee et al.,2017,Lung,NCI-H358,NCI-H358,Esculetin,μM,48,hours,NA,842,24.9,1.63,3,0,99.59,1.23,3,7,Lee et al.2017
Lee et al.,2017,Lung,NCI-H1299,NCI-H1299,Esculetin,μM,48,hours,NA,842,24.08,4.49,3,0,100.82,0.81,3,7,Lee et al.2017
Lee et al.,2017,Lung,NCI-H358,NCI-H358,Esculetin,μM,24,hours,NA,561,56.73,3.27,3,0,100,1.22,3,7,Lee et al.2017
Lee et al.,2017,Lung,NCI-H1299,NCI-H1299,Esculetin,μM,24,hours,NA,561,49.39,2.85,3,0,100.82,0.81,3,7,Lee et al.2017
Lee et al.,2017,Lung,NCI-H1299,NCI-H1299,Esculetin,μM,48,hours,NA,561,38.78,2.44,3,0,100.82,0.81,3,7,Lee et al.2017
Lee et al.,2017,Lung,NCI-H358,NCI-H358,Esculetin,μM,48,hours,NA,561,36.73,2.86,3,0,99.59,1.23,3,7,Lee et al.2017
Lee et al.,2017,Lung,NCI-H358,NCI-H358,Esculetin,μM,24,hours,NA,281,62.86,2.04,3,0,100,1.22,3,6,Lee et al.2017
Lee et al.,2017,Lung,NCI-H1299,NCI-H1299,Esculetin,μM,24,hours,NA,281,61.22,2.05,3,0,100.82,0.81,3,6,Lee et al.2017
Lee et al.,2017,Lung,NCI-H1299,NCI-H1299,Esculetin,μM,48,hours,NA,281,57.14,1.64,3,0,100.82,0.81,3,6,Lee et al.2017
Lee et al.,2017,Lung,NCI-H358,NCI-H358,Esculetin,μM,48,hours,NA,281,43.27,1.63,3,0,99.59,1.23,3,6,Lee et al.2017
Lee et al.,2017,Lung,NCI-H358,NCI-H358,Esculetin,μM,24,hours,NA,140,87.35,1.22,3,0,100,1.22,3,4,Lee et al.2017
Lee et al.,2017,Lung,NCI-H1299,NCI-H1299,Esculetin,μM,24,hours,NA,140,77.96,2.45,3,0,100.82,0.81,3,4,Lee et al.2017
Lee et al.,2017,Lung,NCI-H1299,NCI-H1299,Esculetin,μM,48,hours,NA,140,69.8,1.63,3,0,100.82,0.81,3,4,Lee et al.2017
Lee et al.,2017,Lung,NCI-H358,NCI-H358,Esculetin,μM,48,hours,NA,140,65.71,2.86,3,0,99.59,1.23,3,4,Lee et al.2017
Lee et al.,2013,Colorectal,DLD-1,DLD-1,Esculetin,μM,72,hours,NA,80,43.96,3.09,2,0,99.74,0.66,2,3,Lee et al.2013
Lee et al.,2013,Colorectal,HCT116,HCT116,Esculetin,μM,72,hours,NA,80,33.02,3.25,2,0,99.76,6.98,2,3,Lee et al.2013
Lee et al.,2013,Colorectal,HCT15,HCT15,Esculetin,μM,72,hours,NA,80,30.79,3.53,2,0,100,11.08,2,3,Lee et al.2013
Lee et al.,2013,Colorectal,DLD-1,DLD-1,Esculetin,μM,72,hours,NA,60,55.48,2.43,2,0,99.74,0.66,2,3,Lee et al.2013
Lee et al.,2013,Colorectal,HCT116,HCT116,Esculetin,μM,72,hours,NA,60,49.53,6.51,2,0,99.76,6.98,2,3,Lee et al.2013
Lee et al.,2013,Colorectal,HCT15,HCT15,Esculetin,μM,72,hours,NA,60,48.62,8.94,2,0,100,11.08,2,3,Lee et al.2013
Lee et al.,2018,Liver,HepG2,HepG2,Esculetin,μM,24,hours,NA,50,97.72,4.89,3,0,100.07,2.14,3,2,Lee et al.2018
Lee et al.,2013,Colorectal,HCT15,HCT15,Esculetin,μM,72,hours,NA,40,72.34,7.06,2,0,100,11.08,2,2,Lee et al.2013
Lee et al.,2013,Colorectal,HCT116,HCT116,Esculetin,μM,72,hours,NA,40,67.67,6.98,2,0,99.76,6.98,2,2,Lee et al.2013
Lee et al.,2013,Colorectal,DLD-1,DLD-1,Esculetin,μM,72,hours,NA,40,67.22,3.75,2,0,99.74,0.66,2,2,Lee et al.2013
Lee et al.,2013,Colorectal,DLD-1,DLD-1,Esculetin,μM,72,hours,NA,20,93.52,1.99,2,0,99.74,0.66,2,1,Lee et al.2013
Lee et al.,2013,Colorectal,HCT15,HCT15,Esculetin,μM,72,hours,NA,20,91.12,12.71,2,0,100,11.08,2,1,Lee et al.2013
Lee et al.,2013,Colorectal,HCT116,HCT116,Esculetin,μM,72,hours,NA,20,84.88,4.88,2,0,99.76,6.98,2,1,Lee et al.2013
Lee et al.,2018,Liver,HepG2,HepG2,Esculetin,μM,24,hours,NA,10,100,3.13,3,0,100.07,2.14,3,1,Lee et al.2018
Li et al.,2017,Cervical,SMMC-7721,SMMC-7721,Esculetin,μM,24,hours,NA,1123,69.87,5.76,3,0,100,0.01,3,7,Li et al.2017
Li et al.,2017,Cervical,SMMC-7721,SMMC-7721,Esculetin,μM,48,hours,NA,1123,60.25,3.85,3,0,100,0.01,3,7,Li et al.2017
Li et al.,2017,Cervical,SMMC-7721,SMMC-7721,Esculetin,μM,72,hours,NA,1123,39.95,3.52,3,0,100,0.01,3,7,Li et al.2017
Li et al.,2017,Cervical,SMMC-7721,SMMC-7721,Esculetin,μM,24,hours,NA,1123,69.96,5.42,3,0,100,1,3,7,Li et al.2017
Li et al.,2017,Cervical,SMMC-7721,SMMC-7721,Esculetin,μM,48,hours,NA,1123,60.22,3.68,3,0,100,1,3,7,Li et al.2017
Li et al.,2017,Cervical,SMMC-7721,SMMC-7721,Esculetin,μM,72,hours,NA,1123,40.29,4.11,3,0,100,1,3,7,Li et al.2017
Li et al.,2017,Cervical,SMMC-7721,SMMC-7721,Esculetin,μM,72,hours,842.4,842,50,1,3,0,100,0.01,3,7,Li et al.2017
Li et al.,2017,Cervical,SMMC-7721,SMMC-7721,Esculetin,μM,72,hours,842.03,842,50,1,3,0,100,1,3,7,Li et al.2017
Li et al.,2017,Cervical,SMMC-7721,SMMC-7721,Esculetin,μM,24,hours,NA,562,80.76,5.76,3,0,100,0.01,3,7,Li et al.2017
Li et al.,2017,Cervical,SMMC-7721,SMMC-7721,Esculetin,μM,48,hours,NA,562,69.87,4.7,3,0,100,0.01,3,7,Li et al.2017
Li et al.,2017,Cervical,SMMC-7721,SMMC-7721,Esculetin,μM,72,hours,NA,562,61.32,4.05,3,0,100,0.01,3,7,Li et al.2017
Li et al.,2017,Cervical,SMMC-7721,SMMC-7721,Esculetin,μM,24,hours,NA,561,81.01,5.63,3,0,100,1,3,7,Li et al.2017
Li et al.,2017,Cervical,SMMC-7721,SMMC-7721,Esculetin,μM,48,hours,NA,561,70.18,4.33,3,0,100,1,3,7,Li et al.2017
Li et al.,2017,Cervical,SMMC-7721,SMMC-7721,Esculetin,μM,72,hours,NA,561,61.08,4.55,3,0,100,1,3,7,Li et al.2017
Li et al.,2017,Cervical,SMMC-7721,SMMC-7721,Esculetin,μM,24,hours,NA,281,90.11,4.55,3,0,100,1,3,6,Li et al.2017
Li et al.,2017,Cervical,SMMC-7721,SMMC-7721,Esculetin,μM,48,hours,NA,281,84.91,3.68,3,0,100,1,3,6,Li et al.2017
Li et al.,2017,Cervical,SMMC-7721,SMMC-7721,Esculetin,μM,72,hours,NA,281,69.31,6.07,3,0,100,1,3,6,Li et al.2017
Li et al.,2017,Cervical,SMMC-7721,SMMC-7721,Esculetin,μM,24,hours,NA,281,90.17,4.7,3,0,100,0.01,3,6,Li et al.2017
Li et al.,2017,Cervical,SMMC-7721,SMMC-7721,Esculetin,μM,48,hours,NA,281,84.82,3.85,3,0,100,0.01,3,6,Li et al.2017
Li et al.,2017,Cervical,SMMC-7721,SMMC-7721,Esculetin,μM,72,hours,NA,281,69.44,5.76,3,0,100,0.01,3,6,Li et al.2017
Li et al.,2017,Cervical,SMMC-7721,SMMC-7721,Esculetin,μM,24,hours,NA,140,95.08,4.26,3,0,100,0.01,3,4,Li et al.2017
Li et al.,2017,Cervical,SMMC-7721,SMMC-7721,Esculetin,μM,48,hours,NA,140,91.88,3.2,3,0,100,0.01,3,4,Li et al.2017
Li et al.,2017,Cervical,SMMC-7721,SMMC-7721,Esculetin,μM,72,hours,NA,140,88.24,2.78,3,0,100,0.01,3,4,Li et al.2017
Li et al.,2017,Cervical,SMMC-7721,SMMC-7721,Esculetin,μM,24,hours,NA,140,94.87,4.55,3,0,100,1,3,4,Li et al.2017
Li et al.,2017,Cervical,SMMC-7721,SMMC-7721,Esculetin,μM,48,hours,NA,140,92.06,2.16,3,0,100,1,3,4,Li et al.2017
Li et al.,2017,Cervical,SMMC-7721,SMMC-7721,Esculetin,μM,72,hours,NA,140,88.16,2.81,3,0,100,1,3,4,Li et al.2017
Pan et al.,2015,Gastric,BGC-823,BGC-823,Esculetin,μM,24,hours,NA,150,33.15,2.34,3,0,100,3.01,3,5,Pan et al.2015
Pan et al.,2015,Gastric,BGC-823,BGC-823,Esculetin,μM,48,hours,NA,150,25.11,3.68,3,0,100,3.67,3,5,Pan et al.2015
Pan et al.,2015,Gastric,SGC-7901,SGC-7901,Esculetin,μM,24,hours,NA,150,23.5,2.65,3,0,100,4.3,3,5,Pan et al.2015
Pan et al.,2015,Gastric,BGC-823,BGC-823,Esculetin,μM,72,hours,NA,150,23.08,4.35,3,0,100,3.67,3,5,Pan et al.2015
Pan et al.,2015,Gastric,SGC-7901,SGC-7901,Esculetin,μM,48,hours,NA,150,21.52,2.98,3,0,99.66,5.63,3,5,Pan et al.2015
Pan et al.,2015,Gastric,MGC-803,MGC-803,Esculetin,μM,24,hours,NA,150,17.97,3.89,3,0,100,2.82,3,5,Pan et al.2015
Pan et al.,2015,Gastric,MGC-803,MGC-803,Esculetin,μM,48,hours,NA,150,16.22,2.12,3,0,100,3.54,3,5,Pan et al.2015
Pan et al.,2015,Gastric,SGC-7901,SGC-7901,Esculetin,μM,72,hours,NA,150,12.91,3.31,3,0,100,4.63,3,5,Pan et al.2015
Pan et al.,2015,Gastric,MGC-803,MGC-803,Esculetin,μM,72,hours,NA,150,10.23,2.47,3,0,100,5.3,3,5,Pan et al.2015
Pan et al.,2015,Gastric,BGC-823,BGC-823,Esculetin,μM,24,hours,NA,100,48.59,2.67,3,0,100,3.01,3,4,Pan et al.2015
Pan et al.,2015,Gastric,BGC-823,BGC-823,Esculetin,μM,48,hours,NA,100,43.89,4.02,3,0,100,3.67,3,4,Pan et al.2015
Pan et al.,2015,Gastric,SGC-7901,SGC-7901,Esculetin,μM,24,hours,NA,100,41.39,2.31,3,0,100,4.3,3,4,Pan et al.2015
Pan et al.,2015,Gastric,BGC-823,BGC-823,Esculetin,μM,72,hours,NA,100,40.2,3.68,3,0,100,3.67,3,4,Pan et al.2015
Pan et al.,2015,Gastric,SGC-7901,SGC-7901,Esculetin,μM,48,hours,NA,100,36.75,2.65,3,0,99.66,5.63,3,4,Pan et al.2015
Pan et al.,2015,Gastric,SGC-7901,SGC-7901,Esculetin,μM,72,hours,NA,100,30.79,3.64,3,0,100,4.63,3,4,Pan et al.2015
Pan et al.,2015,Gastric,MGC-803,MGC-803,Esculetin,μM,24,hours,NA,100,29.22,2.83,3,0,100,2.82,3,4,Pan et al.2015
Pan et al.,2015,Gastric,MGC-803,MGC-803,Esculetin,μM,48,hours,NA,100,23.23,2.83,3,0,100,3.54,3,4,Pan et al.2015
Pan et al.,2015,Gastric,MGC-803,MGC-803,Esculetin,μM,72,hours,NA,100,20.42,3.88,3,0,100,5.3,3,4,Pan et al.2015
Pan et al.,2015,Gastric,BGC-823,BGC-823,Esculetin,μM,24,hours,NA,50,60.68,1.68,3,0,100,3.01,3,2,Pan et al.2015
Pan et al.,2015,Gastric,SGC-7901,SGC-7901,Esculetin,μM,24,hours,NA,50,56.62,1.98,3,0,100,4.3,3,2,Pan et al.2015
Pan et al.,2015,Gastric,BGC-823,BGC-823,Esculetin,μM,48,hours,NA,50,54.98,4.69,3,0,100,3.67,3,2,Pan et al.2015
Pan et al.,2015,Gastric,BGC-823,BGC-823,Esculetin,μM,72,hours,NA,50,51.96,4.01,3,0,100,3.67,3,2,Pan et al.2015
Pan et al.,2015,Gastric,SGC-7901,SGC-7901,Esculetin,μM,48,hours,NA,50,49.99,4.31,3,0,99.66,5.63,3,2,Pan et al.2015
Pan et al.,2015,Gastric,MGC-803,MGC-803,Esculetin,μM,24,hours,NA,50,46.12,2.12,3,0,100,2.82,3,2,Pan et al.2015
Pan et al.,2015,Gastric,SGC-7901,SGC-7901,Esculetin,μM,72,hours,NA,50,45.03,3.97,3,0,100,4.63,3,2,Pan et al.2015
Pan et al.,2015,Gastric,MGC-803,MGC-803,Esculetin,μM,48,hours,NA,50,44.02,3.89,3,0,100,3.54,3,2,Pan et al.2015
Pan et al.,2015,Gastric,MGC-803,MGC-803,Esculetin,μM,72,hours,NA,50,41.21,1.76,3,0,100,5.3,3,2,Pan et al.2015
Pan et al.,2015,Gastric,BGC-823,BGC-823,Esculetin,μM,24,hours,NA,25,75.79,2.34,3,0,100,3.01,3,1,Pan et al.2015
Pan et al.,2015,Gastric,SGC-7901,SGC-7901,Esculetin,μM,24,hours,NA,25,69.2,2.32,3,0,100,4.3,3,1,Pan et al.2015
Pan et al.,2015,Gastric,BGC-823,BGC-823,Esculetin,μM,48,hours,NA,25,67.08,3.68,3,0,100,3.67,3,1,Pan et al.2015
Pan et al.,2015,Gastric,SGC-7901,SGC-7901,Esculetin,μM,48,hours,NA,25,63.57,4.64,3,0,99.66,5.63,3,1,Pan et al.2015
Pan et al.,2015,Gastric,MGC-803,MGC-803,Esculetin,μM,24,hours,NA,25,60.9,2.83,3,0,100,2.82,3,1,Pan et al.2015
Pan et al.,2015,Gastric,MGC-803,MGC-803,Esculetin,μM,48,hours,NA,25,58.45,2.12,3,0,100,3.54,3,1,Pan et al.2015
Pan et al.,2015,Gastric,BGC-823,BGC-823,Esculetin,μM,72,hours,NA,25,58.37,3.34,3,0,100,3.67,3,1,Pan et al.2015
Pan et al.,2015,Gastric,SGC-7901,SGC-7901,Esculetin,μM,72,hours,NA,25,58.27,4.31,3,0,100,4.63,3,1,Pan et al.2015
Pan et al.,2015,Gastric,MGC-803,MGC-803,Esculetin,μM,72,hours,NA,25,55.99,3.89,3,0,100,5.3,3,1,Pan et al.2015
Pan et al.,2015,Gastric,BGC-823,BGC-823,Esculetin,μM,24,hours,NA,13,87.89,2.34,3,0,100,3.01,3,1,Pan et al.2015
Pan et al.,2015,Gastric,SGC-7901,SGC-7901,Esculetin,μM,24,hours,NA,13,85.09,3.98,3,0,100,4.3,3,1,Pan et al.2015
Pan et al.,2015,Gastric,BGC-823,BGC-823,Esculetin,μM,48,hours,NA,13,83.19,3.68,3,0,100,3.67,3,1,Pan et al.2015
Pan et al.,2015,Gastric,BGC-823,BGC-823,Esculetin,μM,72,hours,NA,13,79.16,2.68,3,0,100,3.67,3,1,Pan et al.2015
Pan et al.,2015,Gastric,SGC-7901,SGC-7901,Esculetin,μM,48,hours,NA,13,79.13,5.63,3,0,99.66,5.63,3,1,Pan et al.2015
Pan et al.,2015,Gastric,MGC-803,MGC-803,Esculetin,μM,24,hours,NA,13,77.1,2.83,3,0,100,2.82,3,1,Pan et al.2015
Pan et al.,2015,Gastric,SGC-7901,SGC-7901,Esculetin,μM,72,hours,NA,13,75.82,4.31,3,0,100,4.63,3,1,Pan et al.2015
Pan et al.,2015,Gastric,MGC-803,MGC-803,Esculetin,μM,48,hours,NA,13,71.11,2.83,3,0,100,3.54,3,1,Pan et al.2015
Pan et al.,2015,Gastric,MGC-803,MGC-803,Esculetin,μM,72,hours,NA,13,69.71,1.41,3,0,100,5.3,3,1,Pan et al.2015
Park et al.,2011,Colorectal,HCT116,HCT116,Esculetin,μM,24,hours,NA,1123,21.75,6.28,3,0,95.07,4.03,3,7,Park et al.2011
Park et al.,2011,Colorectal,HCT116,HCT116,Esculetin,μM,6,hours,NA,561,77.84,4.99,3,0,99.3,5.49,3,7,Park et al.2011
Park et al.,2011,Colorectal,HCT116,HCT116,Esculetin,μM,12,hours,NA,561,58.38,4.49,3,0,99.3,5.49,3,7,Park et al.2011
Park et al.,2011,Colorectal,HCT116,HCT116,Esculetin,μM,24,hours,NA,561,43.5,5.15,3,0,95.07,4.03,3,7,Park et al.2011
Park et al.,2010,Lymphoma,U937,U937,Esculetin,μM,3,hours,NA,281,73.98,3.5,3,0,100,1,3,6,Park et al.2010
Park et al.,2011,Colorectal,HCT116,HCT116,Esculetin,μM,24,hours,NA,281,60.31,3.14,3,0,95.07,4.03,3,6,Park et al.2011
Park et al.,2010,Lymphoma,U937,U937,Esculetin,μM,6,hours,NA,281,36.7,2.33,3,0,100,1,3,6,Park et al.2010
Park et al.,2010,Lymphoma,U937,U937,Esculetin,μM,12,hours,NA,281,13.98,4.08,3,0,100,1,3,6,Park et al.2010
Park et al.,2010,Lymphoma,U937,U937,Esculetin,μM,24,hours,NA,281,5.83,4.66,3,0,100,1,3,6,Park et al.2010
Park et al.,2010,Lymphoma,U937,U937,Esculetin,μM,3,hours,NA,225,80.39,2.91,3,0,100,1,3,5,Park et al.2010
Park et al.,2010,Lymphoma,U937,U937,Esculetin,μM,6,hours,NA,225,43.69,4.08,3,0,100,1,3,5,Park et al.2010
Park et al.,2010,Lymphoma,U937,U937,Esculetin,μM,12,hours,NA,225,18.64,4.08,3,0,100,1,3,5,Park et al.2010
Park et al.,2010,Lymphoma,U937,U937,Esculetin,μM,24,hours,NA,225,9.32,4.08,3,0,100,1,3,5,Park et al.2010
Park et al.,2010,Lymphoma,U937,U937,Esculetin,μM,3,hours,NA,168,88.54,3.5,3,0,100,1,3,5,Park et al.2010
Park et al.,2010,Lymphoma,U937,U937,Esculetin,μM,6,hours,NA,168,57.67,4.08,3,0,100,1,3,5,Park et al.2010
Park et al.,2010,Lymphoma,U937,U937,Esculetin,μM,12,hours,NA,168,34.95,4.66,3,0,100,1,3,5,Park et al.2010
Park et al.,2010,Lymphoma,U937,U937,Esculetin,μM,24,hours,NA,168,18.64,3.5,3,0,100,1,3,5,Park et al.2010
Park et al.,2022,Salivary Gland,A253,A253,Esculetin,μM,24,hours,157.4,157,50,1,3,0,96.4,6,3,5,Park et al.2022
Park et al.,2022,Salivary Gland,A253,A253,Esculetin,μM,24,hours,NA,150,53.2,4,3,0,96.4,6,3,5,Park et al.2022
Park et al.,2022,Salivary Gland,A253,A253,Esculetin,μM,24,hours,NA,150,52.66,4.11,3,0,95.85,6.63,3,5,Park et al.2022
Park et al.,2022,Salivary Gland,A253,A253,Esculetin,μM,48,hours,NA,150,33.92,3.6,3,0,98.27,5.6,3,5,Park et al.2022
Park et al.,2022,Salivary Gland,A253,A253,Esculetin,μM,48,hours,NA,150,30,3.2,3,0,95.2,4.4,3,5,Park et al.2022
Park et al.,2011,Colorectal,HCT116,HCT116,Esculetin,μM,24,hours,NA,140,79.37,6.95,3,0,95.07,4.03,3,4,Park et al.2011
Park et al.,2010,Lymphoma,U937,U937,Esculetin,μM,3,hours,NA,112,94.95,3.5,3,0,100,1,3,4,Park et al.2010
Park et al.,2010,Lymphoma,U937,U937,Esculetin,μM,6,hours,NA,112,84.47,1,3,0,100,1,3,4,Park et al.2010
Park et al.,2010,Lymphoma,U937,U937,Esculetin,μM,12,hours,NA,112,75.73,4.66,3,0,100,1,3,4,Park et al.2010
Park et al.,2010,Lymphoma,U937,U937,Esculetin,μM,24,hours,NA,112,3.5,3.49,3,0,100,1,3,4,Park et al.2010
Park et al.,2022,Salivary Gland,A253,A253,Esculetin,μM,24,hours,NA,100,68.4,1.6,3,0,96.4,6,3,4,Park et al.2022
Park et al.,2022,Salivary Gland,A253,A253,Esculetin,μM,24,hours,NA,100,68.04,2.06,3,0,95.85,6.63,3,4,Park et al.2022
Park et al.,2022,Salivary Gland,A253,A253,Esculetin,μM,48,hours,NA,100,40.57,1,3,0,98.27,5.6,3,4,Park et al.2022
Park et al.,2022,Salivary Gland,A253,A253,Esculetin,μM,48,hours,NA,100,36.4,1.2,3,0,95.2,4.4,3,4,Park et al.2022
Park et al.,2022,Salivary Gland,A253,A253,Esculetin,μM,48,hours,78.5,79,50,1,3,0,95.2,4.4,3,3,Park et al.2022
Park et al.,2010,Lymphoma,U937,U937,Esculetin,μM,3,hours,NA,56,97.86,4.08,3,0,100,1,3,3,Park et al.2010
Park et al.,2010,Lymphoma,U937,U937,Esculetin,μM,6,hours,NA,56,96.7,2.91,3,0,100,1,3,3,Park et al.2010
Park et al.,2010,Lymphoma,U937,U937,Esculetin,μM,12,hours,NA,56,92.04,2.33,3,0,100,1,3,3,Park et al.2010
Park et al.,2010,Lymphoma,U937,U937,Esculetin,μM,24,hours,NA,56,83.3,3.5,3,0,100,1,3,3,Park et al.2010
Park et al.,2022,Salivary Gland,A253,A253,Esculetin,μM,24,hours,NA,50,88.4,2.8,3,0,96.4,6,3,2,Park et al.2022
Park et al.,2022,Salivary Gland,A253,A253,Esculetin,μM,24,hours,NA,50,88.01,2.97,3,0,95.85,6.63,3,2,Park et al.2022
Park et al.,2022,Salivary Gland,A253,A253,Esculetin,μM,48,hours,NA,50,65.22,3,3,0,98.27,5.6,3,2,Park et al.2022
Park et al.,2022,Salivary Gland,A253,A253,Esculetin,μM,48,hours,NA,50,61.2,2.8,3,0,95.2,4.4,3,2,Park et al.2022
Rubio et al.,2014,Pancreatic,PANC-1,PANC-1,Esculetin,μM,19,hours,NA,500,48.04,4.27,3,0,90.04,1.42,3,6,Rubio et al.2014
Rubio et al.,2014,Pancreatic,PANC-1,PANC-1,Esculetin,μM,5,hours,NA,250,90.98,2.63,3,0,92.11,1.5,3,6,Rubio et al.2014
Rubio et al.,2014,Pancreatic,PANC-1,PANC-1,Esculetin,μM,14,hours,NA,250,80.45,4.89,3,0,92.11,1.87,3,6,Rubio et al.2014
Rubio et al.,2014,Pancreatic,PANC-1,PANC-1,Esculetin,μM,19,hours,NA,250,68.42,3.38,3,0,92.11,1.12,3,6,Rubio et al.2014
Rubio et al.,2014,Pancreatic,PANC-1,PANC-1,Esculetin,μM,24,hours,NA,250,65.04,2.63,3,0,90.6,1.88,3,6,Rubio et al.2014
Rubio et al.,2014,Pancreatic,PANC-1,PANC-1,Esculetin,μM,19,hours,NA,250,59.07,8.19,3,0,90.04,1.42,3,6,Rubio et al.2014
Rubio et al.,2014,Pancreatic,PANC-1,PANC-1,Esculetin,μM,5,hours,NA,100,87.59,1.88,3,0,92.11,1.5,3,4,Rubio et al.2014
Rubio et al.,2014,Pancreatic,PANC-1,PANC-1,Esculetin,μM,14,hours,NA,100,86.84,1.88,3,0,92.11,1.87,3,4,Rubio et al.2014
Rubio et al.,2014,Pancreatic,PANC-1,PANC-1,Esculetin,μM,19,hours,NA,100,76.16,3.56,3,0,90.04,1.42,3,4,Rubio et al.2014
Rubio et al.,2014,Pancreatic,PANC-1,PANC-1,Esculetin,μM,19,hours,NA,100,73.31,7.14,3,0,92.11,1.12,3,4,Rubio et al.2014
Rubio et al.,2014,Pancreatic,PANC-1,PANC-1,Esculetin,μM,24,hours,NA,100,66.17,6.01,3,0,90.6,1.88,3,4,Rubio et al.2014
Rubio et al.,2014,Pancreatic,PANC-1,PANC-1,Esculetin,μM,19,hours,NA,50,86.83,1.07,3,0,90.04,1.42,3,2,Rubio et al.2014
Rubio et al.,2014,Pancreatic,PANC-1,PANC-1,Esculetin,μM,19,hours,NA,20,91.1,0.71,3,0,90.04,1.42,3,1,Rubio et al.2014
Turkikul et al.,2018,Prostate,PC-3,PC-3,Esculetin,μM,24,hours,NA,600,69.83,8.36,3,0,99.93,2.93,3,7,Turkikul et al.2018
Turkikul et al.,2018,Prostate,PC-3,PC-3,Esculetin,μM,48,hours,NA,600,35.54,5.44,3,0,100.35,3.34,3,7,Turkikul et al.2018
Turkikul et al.,2018,Prostate,PC-3,PC-3,Esculetin,μM,72,hours,NA,600,19.23,2.93,3,0,99.93,5.02,3,7,Turkikul et al.2018
Turkikul et al.,2018,Prostate,PC-3,PC-3,Esculetin,μM,24,hours,NA,300,80.7,5.01,3,0,99.93,2.93,3,6,Turkikul et al.2018
Turkikul et al.,2018,Prostate,DU145,DU145,Esculetin,μM,48,hours,NA,300,53.1,1.67,3,0,99.93,2.09,3,6,Turkikul et al.2018
Turkikul et al.,2018,Prostate,LNCaP,LNCaP,Esculetin,μM,48,hours,NA,300,53.1,1.26,3,0,100.35,2.09,3,6,Turkikul et al.2018
Turkikul et al.,2018,Prostate,PC-3,PC-3,Esculetin,μM,48,hours,NA,300,38.89,3.76,3,0,100.35,3.34,3,6,Turkikul et al.2018
Turkikul et al.,2018,Prostate,PC-3,PC-3,Esculetin,μM,48,hours,NA,300,38.47,4.6,3,0,99.93,3.76,3,6,Turkikul et al.2018
Turkikul et al.,2018,Prostate,PC-3,PC-3,Esculetin,μM,72,hours,NA,300,25.92,3.77,3,0,99.93,5.02,3,6,Turkikul et al.2018
Turkikul et al.,2018,Prostate,PC-3,PC-3,Esculetin,μM,24,hours,NA,150,82.37,6.27,3,0,99.93,2.93,3,5,Turkikul et al.2018
Turkikul et al.,2018,Prostate,DU145,DU145,Esculetin,μM,48,hours,NA,150,62.3,1.67,3,0,99.93,2.09,3,5,Turkikul et al.2018
Turkikul et al.,2018,Prostate,LNCaP,LNCaP,Esculetin,μM,48,hours,NA,150,54.77,1.26,3,0,100.35,2.09,3,5,Turkikul et al.2018
Turkikul et al.,2018,Prostate,PC-3,PC-3,Esculetin,μM,48,hours,NA,150,53.1,5.85,3,0,100.35,3.34,3,5,Turkikul et al.2018
Turkikul et al.,2018,Prostate,PC-3,PC-3,Esculetin,μM,48,hours,NA,150,52.68,6.69,3,0,99.93,3.76,3,5,Turkikul et al.2018
Turkikul et al.,2018,Prostate,PC-3,PC-3,Esculetin,μM,72,hours,NA,150,28.85,2.93,3,0,99.93,5.02,3,5,Turkikul et al.2018
Turkikul et al.,2018,Prostate,PC-3,PC-3,Esculetin,μM,24,hours,NA,75,85.3,4.6,3,0,99.93,2.93,3,3,Turkikul et al.2018
Turkikul et al.,2018,Prostate,DU145,DU145,Esculetin,μM,48,hours,NA,75,69.83,1.67,3,0,99.93,2.09,3,3,Turkikul et al.2018
Turkikul et al.,2018,Prostate,LNCaP,LNCaP,Esculetin,μM,48,hours,NA,75,61.46,1.26,3,0,100.35,2.09,3,3,Turkikul et al.2018
Turkikul et al.,2018,Prostate,PC-3,PC-3,Esculetin,μM,48,hours,NA,75,56.86,5.86,3,0,100.35,3.34,3,3,Turkikul et al.2018
Turkikul et al.,2018,Prostate,PC-3,PC-3,Esculetin,μM,48,hours,NA,75,56.86,6.28,3,0,99.93,3.76,3,3,Turkikul et al.2018
Turkikul et al.,2018,Prostate,PC-3,PC-3,Esculetin,μM,72,hours,NA,75,35.96,4.18,3,0,99.93,5.02,3,3,Turkikul et al.2018
Turkikul et al.,2018,Prostate,PC-3,PC-3,Esculetin,μM,24,hours,NA,38,88.64,5.85,3,0,99.93,2.93,3,2,Turkikul et al.2018
Turkikul et al.,2018,Prostate,PC-3,PC-3,Esculetin,μM,48,hours,NA,38,70.66,5.86,3,0,100.35,3.34,3,2,Turkikul et al.2018
Turkikul et al.,2018,Prostate,PC-3,PC-3,Esculetin,μM,72,hours,NA,38,48.08,6.69,3,0,99.93,5.02,3,2,Turkikul et al.2018
Turkikul et al.,2018,Prostate,DU145,DU145,Esculetin,μM,48,hours,NA,25,93.66,1.25,3,0,99.93,2.09,3,1,Turkikul et al.2018
Turkikul et al.,2018,Prostate,PC-3,PC-3,Esculetin,μM,48,hours,NA,25,83.21,5.85,3,0,99.93,3.76,3,1,Turkikul et al.2018
Turkikul et al.,2018,Prostate,LNCaP,LNCaP,Esculetin,μM,48,hours,NA,25,82.79,1.25,3,0,100.35,2.09,3,1,Turkikul et al.2018
Turkikul et al.,2018,Prostate,PC-3,PC-3,Esculetin,μM,24,hours,NA,19,89.06,7.11,3,0,99.93,2.93,3,1,Turkikul et al.2018
Turkikul et al.,2018,Prostate,PC-3,PC-3,Esculetin,μM,48,hours,NA,19,81.11,10.04,3,0,100.35,3.34,3,1,Turkikul et al.2018
Turkikul et al.,2018,Prostate,PC-3,PC-3,Esculetin,μM,72,hours,NA,19,68.15,7.95,3,0,99.93,5.02,3,1,Turkikul et al.2018
Turkikul et al.,2018,Prostate,PC-3,PC-3,Esculetin,μM,24,hours,NA,9,91.15,4.18,3,0,99.93,2.93,3,1,Turkikul et al.2018
Turkikul et al.,2018,Prostate,PC-3,PC-3,Esculetin,μM,72,hours,NA,9,91.15,2.93,3,0,99.93,5.02,3,1,Turkikul et al.2018
Turkikul et al.,2018,Prostate,PC-3,PC-3,Esculetin,μM,48,hours,NA,9,90.31,5.44,3,0,100.35,3.34,3,1,Turkikul et al.2018
Wang et al.,2017,Gastric,HGC-27,HGC-27,Esculetin,μM,72,hours,NA,850,62.34,5.49,3,0,99.51,2.08,3,7,Wang et al.2017
Wang et al.,2017,Gastric,HGC-27,HGC-27,Esculetin,μM,48,hours,NA,850,57.89,6.01,3,0,97.14,1.57,3,7,Wang et al.2017
Wang et al.,2017,Gastric,HGC-27,HGC-27,Esculetin,μM,24,hours,NA,850,57.62,6.27,3,0,97.92,1.3,3,7,Wang et al.2017
Wang et al.,2017,Gastric,BGC-823,BGC-823,Esculetin,μM,24,hours,NA,850,52.95,7.2,3,0,98.71,1.29,3,7,Wang et al.2017
Wang et al.,2017,Gastric,MGC-803,MGC-803,Esculetin,μM,24,hours,NA,850,51.72,5.66,3,0,98.52,1.97,3,7,Wang et al.2017
Wang et al.,2017,Gastric,BGC-823,BGC-823,Esculetin,μM,48,hours,NA,850,50.12,5.92,3,0,98.97,2.05,3,7,Wang et al.2017
Wang et al.,2017,Gastric,BGC-823,BGC-823,Esculetin,μM,72,hours,NA,850,48.32,5.16,3,0,98.45,1.55,3,7,Wang et al.2017
Wang et al.,2017,Gastric,MGC-803,MGC-803,Esculetin,μM,48,hours,NA,850,46.79,6.9,3,0,99.75,1.97,3,7,Wang et al.2017
Wang et al.,2017,Gastric,MGC-803,MGC-803,Esculetin,μM,72,hours,NA,850,46.3,4.43,3,0,100,1.72,3,7,Wang et al.2017
Wang et al.,2017,Gastric,HGC-27,HGC-27,Esculetin,μM,24,hours,NA,560,78.47,7.57,3,0,97.92,1.3,3,7,Wang et al.2017
Wang et al.,2017,Gastric,HGC-27,HGC-27,Esculetin,μM,48,hours,NA,560,75.6,7.03,3,0,97.14,1.57,3,7,Wang et al.2017
Wang et al.,2017,Gastric,BGC-823,BGC-823,Esculetin,μM,24,hours,NA,560,72.49,6.68,3,0,98.71,1.29,3,7,Wang et al.2017
Wang et al.,2017,Gastric,MGC-803,MGC-803,Esculetin,μM,24,hours,NA,560,69.95,5.66,3,0,98.52,1.97,3,7,Wang et al.2017
Wang et al.,2017,Gastric,BGC-823,BGC-823,Esculetin,μM,48,hours,NA,560,68.38,5.39,3,0,98.97,2.05,3,7,Wang et al.2017
Wang et al.,2017,Gastric,MGC-803,MGC-803,Esculetin,μM,48,hours,NA,560,66,12.9,3,0,99.75,1.97,3,7,Wang et al.2017
Wang et al.,2017,Gastric,BGC-823,BGC-823,Esculetin,μM,72,hours,NA,560,65.08,4.89,3,0,98.45,1.55,3,7,Wang et al.2017
Wang et al.,2017,Gastric,MGC-803,MGC-803,Esculetin,μM,72,hours,NA,560,62.31,3.94,3,0,100,1.72,3,7,Wang et al.2017
Wang et al.,2017,Gastric,HGC-27,HGC-27,Esculetin,μM,72,hours,NA,560,60.56,5.29,3,0,99.51,2.08,3,7,Wang et al.2017
Wang et al.,2017,Gastric,HGC-27,HGC-27,Esculetin,μM,24,hours,NA,140,91.95,5.49,3,0,97.92,1.3,3,4,Wang et al.2017
Wang et al.,2017,Gastric,MGC-803,MGC-803,Esculetin,μM,24,hours,NA,140,91.13,3.67,3,0,98.52,1.97,3,4,Wang et al.2017
Wang et al.,2017,Gastric,BGC-823,BGC-823,Esculetin,μM,24,hours,NA,140,89.97,4.11,3,0,98.71,1.29,3,4,Wang et al.2017
Wang et al.,2017,Gastric,HGC-27,HGC-27,Esculetin,μM,48,hours,NA,140,89.88,4.7,3,0,97.14,1.57,3,4,Wang et al.2017
Wang et al.,2017,Gastric,BGC-823,BGC-823,Esculetin,μM,48,hours,NA,140,89.46,3.59,3,0,98.97,2.05,3,4,Wang et al.2017
Wang et al.,2017,Gastric,HGC-27,HGC-27,Esculetin,μM,72,hours,NA,140,89.1,4.44,3,0,99.51,2.08,3,4,Wang et al.2017
Wang et al.,2017,Gastric,MGC-803,MGC-803,Esculetin,μM,48,hours,NA,140,88.42,5.17,3,0,99.75,1.97,3,4,Wang et al.2017
Wang et al.,2017,Gastric,BGC-823,BGC-823,Esculetin,μM,72,hours,NA,140,87.66,4.11,3,0,98.45,1.55,3,4,Wang et al.2017
Wang et al.,2017,Gastric,MGC-803,MGC-803,Esculetin,μM,72,hours,NA,140,87.43,3.21,3,0,100,1.72,3,4,Wang et al.2017
Wroblewska-Luczka et al.,2023,Skin,SK-MEL28,SK-MEL28,Esculetin,μM,72,hours,NA,200,39.89,16.84,3,0,100,8.4,3,5,Wroblewska-Luczka et al.2023
Wroblewska-Luczka et al.,2023,Skin,A375,A375,Esculetin,μM,72,hours,NA,200,27.27,6.67,3,0,100,16.21,3,5,Wroblewska-Luczka et al.2023
Wroblewska-Luczka et al.,2023,Skin,FM55P,FM55P,Esculetin,μM,72,hours,NA,200,21.95,6.1,3,0,99.72,6.11,3,5,Wroblewska-Luczka et al.2023
Wroblewska-Luczka et al.,2023,Skin,FM55M2,FM55M2,Esculetin,μM,72,hours,NA,200,13.97,3.33,3,0,100,16.59,3,5,Wroblewska-Luczka et al.2023
Wroblewska-Luczka et al.,2023,Skin,SK-MEL28,SK-MEL28,Esculetin,μM,72,hours,NA,150,43.47,11.97,3,0,100,8.4,3,5,Wroblewska-Luczka et al.2023
Wroblewska-Luczka et al.,2023,Skin,A375,A375,Esculetin,μM,72,hours,NA,150,25.89,8.59,3,0,100,16.21,3,5,Wroblewska-Luczka et al.2023
Wroblewska-Luczka et al.,2023,Skin,FM55P,FM55P,Esculetin,μM,72,hours,NA,150,21.4,4.69,3,0,99.72,6.11,3,5,Wroblewska-Luczka et al.2023
Wroblewska-Luczka et al.,2023,Skin,FM55M2,FM55M2,Esculetin,μM,72,hours,NA,150,15.61,3.33,3,0,100,16.59,3,5,Wroblewska-Luczka et al.2023
Wroblewska-Luczka et al.,2023,Skin,SK-MEL28,SK-MEL28,Esculetin,μM,72,hours,120.64,121,50,1,3,0,100,0.01,3,4,Wroblewska-Luczka et al.2023
Wroblewska-Luczka et al.,2023,Skin,SK-MEL28,SK-MEL28,Esculetin,μM,72,hours,NA,100,53.45,9.79,3,0,100,8.4,3,4,Wroblewska-Luczka et al.2023
Wroblewska-Luczka et al.,2023,Skin,A375,A375,Esculetin,μM,72,hours,NA,100,29.75,7.15,3,0,100,16.21,3,4,Wroblewska-Luczka et al.2023
Wroblewska-Luczka et al.,2023,Skin,FM55P,FM55P,Esculetin,μM,72,hours,NA,100,21.4,5.18,3,0,99.72,6.11,3,4,Wroblewska-Luczka et al.2023
Wroblewska-Luczka et al.,2023,Skin,FM55M2,FM55M2,Esculetin,μM,72,hours,NA,100,19.17,5.23,3,0,100,16.59,3,4,Wroblewska-Luczka et al.2023
Wroblewska-Luczka et al.,2023,Skin,SK-MEL28,A375,Esculetin,μM,72,hours,75.38,75,50,1,3,0,100,0.01,3,3,Wroblewska-Luczka et al.2023
Wroblewska-Luczka et al.,2023,Skin,SK-MEL28,SK-MEL28,Esculetin,μM,72,hours,NA,60,66.24,16.82,3,0,100,8.4,3,3,Wroblewska-Luczka et al.2023
Wroblewska-Luczka et al.,2023,Skin,A375,A375,Esculetin,μM,72,hours,NA,60,57.57,13.84,3,0,100,16.21,3,3,Wroblewska-Luczka et al.2023
Wroblewska-Luczka et al.,2023,Skin,FM55P,FM55P,Esculetin,μM,72,hours,NA,60,28.45,5.16,3,0,99.72,6.11,3,3,Wroblewska-Luczka et al.2023
Wroblewska-Luczka et al.,2023,Skin,FM55M2,FM55M2,Esculetin,μM,72,hours,NA,60,18.63,5.21,3,0,100,16.59,3,3,Wroblewska-Luczka et al.2023
Wroblewska-Luczka et al.,2023,Skin,SK-MEL28,SK-MEL28,Esculetin,μM,72,hours,NA,50,66.24,13.72,3,0,100,8.4,3,2,Wroblewska-Luczka et al.2023
Wroblewska-Luczka et al.,2023,Skin,A375,A375,Esculetin,μM,72,hours,NA,50,62.53,1.54,3,0,100,16.21,3,2,Wroblewska-Luczka et al.2023
Wroblewska-Luczka et al.,2023,Skin,FM55P,FM55P,Esculetin,μM,72,hours,NA,50,31.43,6.1,3,0,99.72,6.11,3,2,Wroblewska-Luczka et al.2023
Wroblewska-Luczka et al.,2023,Skin,FM55M2,FM55M2,Esculetin,μM,72,hours,NA,50,18.9,5.72,3,0,100,16.59,3,2,Wroblewska-Luczka et al.2023
Wroblewska-Luczka et al.,2023,Skin,A375,A375,Esculetin,μM,72,hours,NA,40,71.62,8.11,3,0,100,16.21,3,2,Wroblewska-Luczka et al.2023
Wroblewska-Luczka et al.,2023,Skin,SK-MEL28,SK-MEL28,Esculetin,μM,72,hours,NA,40,68.03,15.93,3,0,100,8.4,3,2,Wroblewska-Luczka et al.2023
Wroblewska-Luczka et al.,2023,Skin,FM55P,FM55P,Esculetin,μM,72,hours,NA,40,34.39,4.69,3,0,99.72,6.11,3,2,Wroblewska-Luczka et al.2023
Wroblewska-Luczka et al.,2023,Skin,FM55M2,FM55M2,Esculetin,μM,72,hours,NA,40,22.73,7.12,3,0,100,16.59,3,2,Wroblewska-Luczka et al.2023
Wroblewska-Luczka et al.,2023,Skin,SK-MEL28,FM55P,Esculetin,μM,72,hours,26.62,27,50,1,3,0,100,0.01,3,2,Wroblewska-Luczka et al.2023
Wroblewska-Luczka et al.,2023,Skin,SK-MEL28,SK-MEL28,Esculetin,μM,72,hours,NA,20,81.84,7.52,3,0,100,8.4,3,1,Wroblewska-Luczka et al.2023
Wroblewska-Luczka et al.,2023,Skin,A375,A375,Esculetin,μM,72,hours,NA,20,80.16,16.23,3,0,100,16.21,3,1,Wroblewska-Luczka et al.2023
Wroblewska-Luczka et al.,2023,Skin,FM55P,FM55P,Esculetin,μM,72,hours,NA,20,57.72,9.39,3,0,99.72,6.11,3,1,Wroblewska-Luczka et al.2023
Wroblewska-Luczka et al.,2023,Skin,FM55M2,FM55M2,Esculetin,μM,72,hours,NA,20,46.84,6.18,3,0,100,16.59,3,1,Wroblewska-Luczka et al.2023
Wroblewska-Luczka et al.,2023,Skin,SK-MEL28,FM55-M2,Esculetin,μM,72,hours,18.2,18,50,1,3,0,100,0.01,3,1,Wroblewska-Luczka et al.2023
Wroblewska-Luczka et al.,2023,Skin,A375,A375,Esculetin,μM,72,hours,NA,10,94.49,14.79,3,0,100,16.21,3,1,Wroblewska-Luczka et al.2023
Wroblewska-Luczka et al.,2023,Skin,SK-MEL28,SK-MEL28,Esculetin,μM,72,hours,NA,10,94.37,12.85,3,0,100,8.4,3,1,Wroblewska-Luczka et al.2023
Wroblewska-Luczka et al.,2023,Skin,FM55P,FM55P,Esculetin,μM,72,hours,NA,10,78.04,8.45,3,0,99.72,6.11,3,1,Wroblewska-Luczka et al.2023
Wroblewska-Luczka et al.,2023,Skin,FM55M2,FM55M2,Esculetin,μM,72,hours,NA,10,70.41,7.12,3,0,100,16.59,3,1,Wroblewska-Luczka et al.2023
Wroblewska-Luczka et al.,2023,Skin,A375,A375,Esculetin,μM,72,hours,NA,2,100,1.75,3,0,100,16.21,3,1,Wroblewska-Luczka et al.2023
Wroblewska-Luczka et al.,2023,Skin,SK-MEL28,SK-MEL28,Esculetin,μM,72,hours,NA,2,96.16,10.63,3,0,100,8.4,3,1,Wroblewska-Luczka et al.2023
Wroblewska-Luczka et al.,2023,Skin,FM55P,FM55P,Esculetin,μM,72,hours,NA,2,92.68,8.92,3,0,99.72,6.11,3,1,Wroblewska-Luczka et al.2023
Wroblewska-Luczka et al.,2023,Skin,FM55M2,FM55M2,Esculetin,μM,72,hours,NA,2,89.58,10.44,3,0,100,16.59,3,1,Wroblewska-Luczka et al.2023